<?xml version="1.0" encoding="utf-8"?>
<openerp>
    <data>

        <record id="view_resource_calendar_attendance_form" model="ir.ui.view">
            <field name="name">resource.calendar.attendance.form</field>
            <field name="model">resource.calendar.attendance</field>
            <field name="inherit_id" ref="resource.view_resource_calendar_attendance_form"></field>
            <field name="arch" type="xml">
                <field name="hour_from" position="after">
                    <field name="tolerance_to" widget="float_time"/>
                </field>
                <field name="hour_to" position="after">
                    <field name="tolerance_from" widget="float_time"/>
                </field>
            </field>
        </record>
        <record id="resource_calendar_form" model="ir.ui.view">
            <field name="name">resource.calendar.form</field>
            <field name="model">resource.calendar</field>
            <field name="inherit_id" ref="resource.resource_calendar_form"></field>
            <field name="arch" type="xml">
                <field name="attendance_ids" position="after">
                    <notebook colspan="4">
                        <page string="Roundings">
                            <group colspan="4">
                                <field name="attendance_rounding"/>
                                <field name="leave_rounding"/>
                                <field name="overtime_rounding"/>
                                <field name="overtime_rounding_tolerance" widget="float_time"/>
                            </group>
                        </page>
                        <page string="Overtime types">
                            <field name="overtime_type_ids" colspan="4" nolabel="1">
                                <tree string="Types" editable="bottom">
                                    <field name="sequence"/>
                                    <field name="name"/>
                                    <field name="limit" widget="float_time"/>
                                </tree>
                                <form string="Type">
                                    <field name="sequence"/>
                                    <field name="name"/>
                                    <field name="limit" widget="float_time"/>
                                </form>
                            </field>
                        </page>
                    </notebook>
                </field>
            </field>
        </record>
    </data>
</openerp>
